"StartDate","num_waso_estimate_am","caffeinetoday_PM_NumCaffeinatedDrinksSnacks_1","alcoholtoday_PM_NumAlcoholicDrinks_1","nicotine_amount_pm_doses","cannabis_amount_pm_doses"
2026-01-15,4,1,0,0,0
2026-01-07,4,3,1,0,1
2026-01-19,1,3,2,NA,1
2026-01-18,2,1,0,4,0
2026-01-19,1,3,NA,0,0
2026-01-14,1,2,0,0,0
2026-01-14,2,4,0,NA,0
2026-01-29,2,0,0,0,1
2026-01-14,2,0,1,0,0
2026-01-29,3,5,2,NA,0
2026-01-16,3,5,1,0,0
2026-01-16,1,4,0,NA,1
2026-01-08,2,NA,NA,0,NA
2026-01-25,2,0,3,0,2
2026-01-31,1,0,1,0,0
2026-01-06,2,2,2,1,NA
2026-01-01,2,NA,0,NA,0
2026-01-26,1,2,3,0,NA
2026-01-28,2,1,2,0,0
2026-01-12,1,1,1,NA,1
2026-01-08,2,0,NA,0,0
2026-01-29,0,4,0,4,0
2026-01-11,0,0,0,0,NA
2026-01-15,1,0,1,2,NA
2026-01-29,1,3,0,0,NA
2026-01-05,3,5,3,3,0
2026-01-28,1,NA,0,0,0
2026-01-17,1,0,NA,NA,0
2026-01-10,1,2,0,2,1
2026-01-16,3,0,NA,0,NA
2026-01-29,0,2,NA,0,1
2026-01-08,2,1,0,2,0
2026-01-02,2,2,0,1,0
2026-01-11,2,1,2,0,NA
2026-01-29,2,3,1,1,0
2026-01-19,3,1,2,NA,0
2026-01-12,2,1,NA,1,0
2026-01-17,1,4,1,2,0
2026-01-31,0,1,0,2,0
2026-01-27,2,2,NA,1,NA
2026-01-10,3,2,NA,1,0
2026-01-28,2,1,NA,2,0
2026-01-30,1,0,0,0,0
2026-01-08,3,1,0,0,1
2026-01-27,3,0,0,0,0
2026-01-02,3,0,2,NA,1
2026-01-25,3,2,1,0,0
2026-01-15,2,1,0,NA,0
2026-01-01,3,2,NA,0,0
2026-01-24,2,5,2,0,2
2026-01-22,4,NA,NA,0,1
2026-01-01,1,1,NA,0,0
2026-01-25,2,0,0,0,1
2026-01-14,1,3,1,0,0
2026-01-08,4,NA,0,0,0
2026-01-17,2,2,NA,3,NA
2026-01-06,4,0,2,2,1
2026-01-04,3,1,0,NA,1
2026-01-10,4,3,0,0,1
2026-01-18,0,0,3,0,NA
2026-01-26,3,2,0,NA,1
2026-01-24,1,5,0,0,0
2026-01-05,0,2,0,2,1
2026-01-26,1,2,0,1,NA
2026-01-08,1,3,0,NA,NA
2026-01-04,1,3,0,0,0
2026-01-12,3,1,0,0,0
2026-01-01,3,1,0,1,NA
2026-01-11,2,2,1,1,0
2026-01-31,1,1,NA,0,0
2026-01-06,2,1,0,0,0
2026-01-22,2,5,0,1,NA
2026-01-26,3,3,NA,0,1
2026-01-21,1,2,1,0,2
2026-01-04,1,0,0,2,0
2026-01-10,2,1,3,2,1
2026-01-13,2,1,0,NA,1
2026-01-16,1,0,NA,0,0
2026-01-21,1,1,0,2,0
2026-01-09,1,1,1,0,NA
2026-01-31,2,2,0,1,NA
2026-01-14,3,2,2,NA,NA
2026-01-25,3,NA,1,1,1
2026-01-17,2,3,0,1,NA
2026-01-26,3,3,0,0,0
2026-01-20,2,0,0,0,0
2026-01-31,2,3,1,2,0
2026-01-29,3,1,0,1,0
2026-01-06,2,2,1,NA,NA
2026-01-30,2,2,2,0,NA
2026-01-16,0,1,0,0,NA
2026-01-13,2,5,3,3,2
2026-01-02,3,1,2,2,NA
2026-01-13,1,2,0,0,0
2026-01-08,4,2,0,0,0
2026-01-31,3,NA,0,NA,0
2026-01-15,2,1,0,1,1
2026-01-24,2,5,0,1,0
2026-01-23,2,1,1,NA,0
2026-01-21,2,0,0,1,0
2026-01-01,1,2,0,3,0
2026-01-03,3,4,1,0,NA
2026-01-02,0,1,NA,NA,2
2026-01-12,3,NA,2,1,0
2026-01-16,3,0,NA,0,2
2026-01-03,1,1,0,3,2
2026-01-10,2,1,1,0,0
2026-01-25,1,0,NA,0,1
2026-01-20,1,1,0,0,1
2026-01-07,2,2,1,1,1
2026-01-03,1,3,0,0,0
2026-01-31,3,2,NA,2,1
2026-01-24,1,1,0,0,0
2026-01-21,1,1,NA,0,NA
2026-01-17,1,1,0,0,0
2026-01-22,1,1,3,2,NA
2026-01-08,1,1,0,0,0
2026-01-19,2,2,NA,0,NA
2026-01-27,3,0,0,2,2
2026-01-06,2,1,3,0,0
2026-01-03,4,0,0,3,0
2026-01-29,2,1,1,0,0
2026-01-26,4,0,1,0,2
2026-01-02,1,3,0,3,NA
2026-01-14,0,2,NA,NA,NA
2026-01-12,3,1,0,1,NA
2026-01-20,3,5,0,2,NA
2026-01-18,4,0,2,1,0
2026-01-22,1,1,2,0,1
2026-01-31,1,4,2,0,NA
2026-01-08,0,0,0,4,0
2026-01-14,1,NA,NA,NA,NA
2026-01-28,4,2,0,1,NA
2026-01-18,0,1,0,1,0
2026-01-23,2,1,1,NA,0
2026-01-15,3,1,NA,5,0
2026-01-22,3,1,2,5,0
2026-01-05,1,1,NA,0,1
2026-01-26,1,1,1,2,0
2026-01-27,4,3,0,0,NA
2026-01-19,1,2,2,0,1
2026-01-17,3,1,NA,1,1
2026-01-17,1,0,0,2,0
2026-01-19,1,NA,0,NA,NA
2026-01-29,1,0,NA,NA,NA
2026-01-23,2,1,3,1,NA
2026-01-31,3,5,2,0,1
2026-01-14,0,4,1,1,NA
2026-01-19,2,0,0,0,2
2026-01-21,2,NA,NA,0,0
2026-01-13,1,0,0,1,0
2026-01-01,0,4,0,0,NA
2026-01-25,1,0,0,NA,0
2026-01-23,4,2,0,0,1
2026-01-31,1,1,0,3,0
2026-01-06,3,5,3,0,2
2026-01-25,2,1,0,0,NA
2026-01-19,1,5,0,3,NA
2026-01-20,2,2,0,NA,0
2026-01-26,1,1,1,3,1
2026-01-26,2,1,1,0,0
2026-01-23,4,0,1,0,NA
2026-01-14,2,1,0,NA,0
2026-01-02,2,1,0,1,1
2026-01-02,3,4,0,NA,NA
2026-01-29,3,NA,1,0,0
2026-01-17,1,1,0,1,0
2026-01-26,2,NA,NA,0,0
2026-01-03,2,1,0,NA,0
2026-01-04,1,1,2,0,1
2026-01-01,3,2,0,0,0
2026-01-20,2,1,NA,1,1
2026-01-25,1,1,0,0,NA
2026-01-09,0,3,NA,0,1
2026-01-04,1,NA,1,1,0
2026-01-04,2,2,1,0,NA
2026-01-31,4,1,1,0,NA
2026-01-16,3,NA,0,NA,NA
2026-01-31,3,5,NA,0,0
2026-01-12,2,1,0,1,NA
2026-01-08,4,3,0,3,NA
2026-01-12,1,4,0,NA,0
2026-01-21,3,4,2,NA,0
2026-01-27,2,2,3,0,0
2026-01-03,1,3,0,1,0
2026-01-15,4,NA,1,2,NA
2026-01-16,1,3,1,1,0
2026-01-28,3,1,NA,1,NA
2026-01-17,3,NA,0,NA,0
2026-01-16,1,0,0,2,1
2026-01-10,3,NA,0,1,NA
2026-01-16,4,0,3,0,0
2026-01-17,3,1,0,0,0
2026-01-02,2,2,2,NA,0
2026-01-31,3,NA,1,1,NA
2026-01-10,1,1,1,0,NA
2026-01-06,1,2,NA,NA,0
2026-01-30,2,5,0,0,2
2026-01-04,1,0,NA,0,0
2026-01-28,1,1,1,NA,1
2026-01-18,2,0,0,2,0
2026-01-31,1,1,0,NA,1
2026-01-20,0,2,0,1,0
2026-01-25,2,NA,2,0,NA
2026-01-04,4,2,0,0,1
2026-01-11,1,0,2,0,1
2026-01-23,1,2,0,4,0
2026-01-05,1,2,0,0,0
2026-01-01,3,4,0,1,NA
2026-01-23,2,NA,0,NA,0
2026-01-13,0,2,2,0,NA
2026-01-02,2,3,0,2,NA
2026-01-24,1,0,0,0,0
2026-01-12,4,4,0,0,1
2026-01-27,1,1,1,0,NA
2026-01-31,4,3,1,3,0
2026-01-05,3,2,NA,1,NA
2026-01-12,3,3,2,0,0
2026-01-07,3,2,1,0,NA
2026-01-28,1,0,1,NA,1
2026-01-15,2,2,2,1,0
2026-01-03,3,0,0,0,0
2026-01-13,3,3,2,1,NA
2026-01-26,1,NA,0,0,0
2026-01-13,2,2,0,NA,0
2026-01-10,0,0,0,0,0
2026-01-29,3,NA,2,1,0
2026-01-29,3,1,0,5,0
2026-01-29,2,4,NA,NA,0
2026-01-09,3,NA,0,1,0
2026-01-27,3,1,3,0,2
2026-01-27,4,4,2,NA,0
2026-01-07,2,5,0,NA,0
2026-01-02,4,0,0,1,0
2026-01-19,1,0,0,0,NA
2026-01-29,4,4,0,5,1
2026-01-30,2,0,1,NA,1
2026-01-18,4,1,0,0,NA
2026-01-27,2,0,0,NA,0
2026-01-24,1,3,3,NA,0
2026-01-08,1,0,1,3,0
2026-01-09,2,2,2,NA,0
2026-01-07,3,4,0,0,NA
2026-01-22,2,1,1,1,2
2026-01-24,3,1,0,0,0
2026-01-14,3,0,1,3,NA
2026-01-11,2,1,2,0,0
2026-01-31,0,2,0,3,0
2026-01-25,3,NA,NA,3,0
2026-01-16,2,2,2,2,NA
2026-01-02,3,0,NA,2,1
2026-01-30,2,1,NA,1,0
2026-01-18,3,5,0,NA,NA
2026-01-25,1,0,0,1,0
2026-01-27,4,1,0,NA,0
2026-01-12,1,1,0,NA,1
2026-01-30,1,1,0,NA,NA
2026-01-26,2,0,NA,1,NA
2026-01-16,4,1,2,NA,0
2026-01-13,2,3,2,0,0
2026-01-14,2,0,NA,1,1
2026-01-05,2,3,1,0,2
2026-01-14,2,0,0,1,NA
2026-01-07,4,0,3,2,0
2026-01-26,2,0,0,0,1
2026-01-04,0,1,0,0,NA
2026-01-03,4,0,0,0,0
2026-01-22,3,5,0,2,0
2026-01-01,3,1,1,1,0
2026-01-29,2,NA,NA,0,0
2026-01-19,0,3,NA,0,0
2026-01-23,1,4,2,0,0
2026-01-16,1,NA,0,1,0
2026-01-01,3,0,0,NA,NA
2026-01-05,2,0,0,0,0
2026-01-09,3,0,0,NA,0
2026-01-08,1,1,0,0,NA
2026-01-14,3,2,NA,NA,NA
2026-01-18,3,1,0,0,2
2026-01-03,3,2,1,2,NA
